,year,departamento,S,V,I,I2,total_animales,v,A
0,2011.0,AMAZONAS,184.8,0.0,771.2074,0.9926,957.0,0.0,184.8
1,2012.0,AMAZONAS,119.80000000000001,65.0,772.2,0.0,957.0,82.07400949336433,184.8
2,2016.0,AMAZONAS,241.0,72.0,951.0,0.0,1264.0,100.0,313.0
3,2014.0,AMAZONAS,93.80000000000001,91.0,771.8691333333334,0.3308666666666667,957.0,97.84946236559139,184.8
4,2013.0,AMAZONAS,55.80000000000001,129.0,771.8691333333334,0.3308666666666667,957.0,100.0,184.8
5,2015.0,AMAZONAS,121.80000000000001,63.0,771.8691333333334,0.3308666666666667,957.0,100.0,184.8
6,2021.0,AMAZONAS,88.0,35.0,808.6691333333333,0.3308666666666667,932.0,94.5945945945946,125.0
7,2018.0,AMAZONAS,67.0,65.0,690.6691333333333,0.3308666666666667,823.0,82.07400949336433,132.0
8,2019.0,AMAZONAS,101.0,65.0,687.6691333333333,0.3308666666666667,854.0,82.07400949336433,166.0
9,2022.0,AMAZONAS,123.0,65.0,723.6691333333333,0.3308666666666667,912.0,82.07400949336433,188.0
10,2011.0,ANTIOQUIA,275886.6,297125.0,2464050.5327999997,4041.8672,3041104.0,98.38576158940397,573011.6
11,2012.0,ANTIOQUIA,291661.6,281350.0,2457382.246,10710.154,3041104.0,97.27653365695457,573011.6
12,2013.0,ANTIOQUIA,295375.6,277636.0,2464120.0148,3972.3852,3041104.0,97.5304391813564,573011.6
13,2014.0,ANTIOQUIA,296041.6,276970.0,2466364.2834,1728.1166,3041104.0,97.75492268759861,573011.6
14,2015.0,ANTIOQUIA,268321.6,304690.0,2465949.3766,2143.0234,3041104.0,97.95846193415638,573011.6
15,2016.0,ANTIOQUIA,199978.0,251273.0,2179852.6146,1021.3854,2632125.0,95.94051278135201,461883.0
16,2018.0,ANTIOQUIA,272382.71428571426,264077.28571428574,2502319.0,0.0,3038779.0,97.61711512505687,536460.0
17,2020.0,ANTIOQUIA,308934.31428571424,264077.28571428574,2468091.4074,0.9926,3041104.0,97.61711512505687,573011.6
18,2021.0,ANTIOQUIA,449815.0,159497.0,2537460.0254,2551.9746,3149324.0,98.47317404457615,611785.0
19,2022.0,ANTIOQUIA,401848.71428571426,264077.28571428574,2628734.0074,0.9926,3294661.0,97.61711512505687,665926.0
20,2019.0,ANTIOQUIA,324926.71428571426,264077.28571428574,2499009.91084,2617.0891600000004,3090631.0,97.61711512505687,589004.0
21,2011.0,ARAUCA,153504.6,84550.0,932071.2478,542.9522000000001,1170668.8,95.01814953418068,238054.6
22,2012.0,ARAUCA,143575.6,94479.0,931137.2112,1476.9888,1170668.8,95.65653190778482,238054.6
23,2013.0,ARAUCA,148131.6,89923.0,931343.672,1270.528,1170668.8,93.72446427082465,238054.6
24,2014.0,ARAUCA,148919.6,89135.0,932481.1916,133.0084,1170668.8,93.89649106174087,238054.6
25,2015.0,ARAUCA,143874.6,94180.0,932471.2656,142.9344,1170668.8,94.28559987185648,238054.6
26,2016.0,ARAUCA,71969.0,98206.0,878215.1396,152.8604,1048543.0,95.96239910883543,174307.0
27,2021.0,ARAUCA,203787.0,50532.0,916479.1213,619.8787000000001,1171418.0,98.21574344023324,255237.0
28,2018.0,ARAUCA,122788.14285714286,85857.85714285714,952766.1213,619.8787000000001,1162032.0,95.25133988506516,208646.0
29,2019.0,ARAUCA,162379.14285714284,85857.85714285714,960663.1213,619.8787000000001,1209520.0,95.25133988506516,248237.0
30,2022.0,ARAUCA,217988.14285714284,85857.85714285714,957365.1213,619.8787000000001,1261831.0,95.25133988506516,303846.0
31,2011.0,ATLANTICO,31311.4,24344.0,183164.2802,171.71980000000002,238991.4,84.59533655349759,55655.4
32,2012.0,ATLANTICO,29453.4,26202.0,182895.2856,440.7144,238991.4,100.0,55655.4
33,2013.0,ATLANTICO,28703.4,26952.0,182999.5086,336.4914,238991.4,93.82767624020887,55655.4
34,2014.0,ATLANTICO,27257.4,28398.0,183247.6586,88.34140000000001,238991.4,100.0,55655.4
35,2015.0,ATLANTICO,29206.4,26449.0,183240.7104,95.28960000000001,238991.4,100.0,55655.4
36,2016.0,ATLANTICO,26967.0,24308.0,173651.3848,51.6152,224978.0,99.71285585363853,51345.0
37,2021.0,ATLANTICO,44334.0,12061.0,182088.63803333332,197.3619666666667,238681.0,99.85098104147694,56413.0
38,2018.0,ATLANTICO,28941.0,24102.0,185172.63803333332,197.3619666666667,238413.0,96.85526424126029,53043.0
39,2019.0,ATLANTICO,31950.0,24102.0,186606.63803333332,197.3619666666667,242856.0,96.85526424126029,56052.0
40,2022.0,ATLANTICO,37322.0,24102.0,188407.63803333332,197.3619666666667,250029.0,96.85526424126029,61424.0
41,2012.0,BOGOTA,6373.799999999999,2272.0,24422.600000000002,0.0,33068.4,99.91204925241864,8645.8
42,2016.0,BOGOTA,4586.0,2459.0,19074.0444,5.9556000000000004,26125.0,99.87814784727864,7048.0
43,2014.0,BOGOTA,5688.799999999999,2957.0,24419.6222,2.9778000000000002,33068.4,99.89864864864865,8645.8
44,2015.0,BOGOTA,5443.799999999999,3202.0,24419.6222,2.9778000000000002,33068.4,99.87523393636931,8645.8
45,2021.0,BOGOTA,6432.0,1962.0,25948.0222,2.9778000000000002,34345.0,96.65024630541872,8462.0
46,2018.0,BOGOTA,6772.6,2570.4,24892.0222,2.9778000000000002,34238.0,99.24286519802679,9343.0
47,2019.0,BOGOTA,6509.6,2570.4,26221.0222,2.9778000000000002,35304.0,99.24286519802679,9080.0
48,2022.0,BOGOTA,6725.6,2570.4,26031.0222,2.9778000000000002,35330.0,99.24286519802679,9296.0
49,2011.0,BOLIVAR,174437.2,91097.0,968994.7320000002,178.668,1234707.6,83.74656407144893,265534.2
50,2012.0,BOLIVAR,173759.2,91775.0,966769.3228000001,2404.0772,1234707.6,98.59692096131326,265534.2
51,2013.0,BOLIVAR,168565.2,96969.0,968545.0842000002,628.3158,1234707.6,98.19148397549492,265534.2
52,2014.0,BOLIVAR,163427.2,102107.0,969021.5322000001,151.86780000000002,1234707.6,98.29890059110076,265534.2
53,2015.0,BOLIVAR,157797.2,107737.0,968868.6718000001,304.7282,1234707.6,98.37468155628807,265534.2
54,2016.0,BOLIVAR,69171.0,112336.0,743825.8436,113.1564,925446.0,98.13575609329955,183641.0
55,2021.0,BOLIVAR,249991.0,59399.0,1054304.0222,2.9778000000000002,1363697.0,96.472365236881,311562.0
56,2018.0,BOLIVAR,141775.42857142858,94488.57142857143,935660.4583999999,540.5416,1172465.0,95.97381035511808,236264.0
57,2019.0,BOLIVAR,166728.42857142858,94488.57142857143,960676.4583999999,540.5416,1222434.0,95.97381035511808,261217.0
58,2022.0,BOLIVAR,240498.42857142858,94488.57142857143,1153968.4584,540.5416,1489496.0,95.97381035511808,334987.0
59,2011.0,BOYACA,178792.0,55087.0,868919.6963999999,978.7036,1103777.4,81.56082971824522,233879.0
60,2012.0,BOYACA,172162.0,61717.0,866687.3389999999,3211.061,1103777.4,92.08194079732633,233879.0
61,2013.0,BOYACA,178172.0,55707.0,868587.1754,1311.2246,1103777.4,99.1069045882332,233879.0
62,2014.0,BOYACA,176656.0,57223.0,869445.7743999999,452.6256,1103777.4,91.3652983346905,233879.0
63,2015.0,BOYACA,169428.0,64451.0,869521.2119999999,377.188,1103777.4,94.65004258818692,233879.0
64,2016.0,BOYACA,101980.0,52094.0,594158.4928,468.5072,748701.0,93.69087442897738,157582.0
65,2020.0,BOYACA,178694.14285714284,55184.857142857145,869898.3999999999,0.0,1103777.4,92.4634961018787,233879.0
66,2021.0,BOYACA,203452.0,40015.0,946198.9906,267.0094,1189933.0,94.78858225749141,245667.0
67,2018.0,BOYACA,192496.14285714284,55184.857142857145,923938.710075,883.289925,1172503.0,92.4634961018787,247681.0
68,2019.0,BOYACA,204604.14285714284,55184.857142857145,920832.710075,883.289925,1181505.0,92.4634961018787,259789.0
69,2022.0,BOYACA,203491.14285714284,55184.857142857145,966685.710075,883.289925,1226245.0,92.4634961018787,258676.0
70,2011.0,CALDAS,38050.600000000006,39886.0,354511.75460000004,1120.6454,433569.0,98.86966436963958,77936.6
71,2012.0,CALDAS,42207.600000000006,35729.0,354197.1004,1435.2996,433569.0,99.6208002230587,77936.6
72,2013.0,CALDAS,42776.600000000006,35160.0,354697.37080000003,935.0292000000001,433569.0,99.60339943342777,77936.6
73,2014.0,CALDAS,41972.600000000006,35964.0,355345.5386,286.8614,433569.0,99.97498123592695,77936.6
74,2015.0,CALDAS,40409.600000000006,37527.0,355283.0048,349.3952,433569.0,99.52791406975203,77936.6
75,2016.0,CALDAS,24819.0,31222.0,314071.7316,232.2684,370345.0,96.77639328001983,57081.0
76,2020.0,CALDAS,44498.88571428572,33437.71428571428,355632.4,0.0,433569.0,99.09915959470948,77936.6
77,2021.0,CALDAS,68033.0,18576.0,362355.7104,95.28960000000001,449060.0,99.32096455114153,86736.0
78,2018.0,CALDAS,45522.28571428572,33437.71428571428,369378.1514,556.8486,448895.0,99.09915959470948,78960.0
79,2019.0,CALDAS,47417.28571428572,33437.71428571428,370582.1514,556.8486,451994.0,99.09915959470948,80855.0
80,2022.0,CALDAS,52613.28571428572,33437.71428571428,360943.1514,556.8486,447551.0,99.09915959470948,86051.0
81,2011.0,CAQUETA,230266.8,187095.0,1446413.169,1176.231,1864951.2,98.6616253500182,417361.8
82,2012.0,CAQUETA,220088.8,197273.0,1445442.4061999999,2146.9938,1864951.2,95.3802193126656,417361.8
83,2013.0,CAQUETA,241927.8,175434.0,1445440.4209999999,2148.9790000000003,1864951.2,90.86501856829871,417361.8
84,2014.0,CAQUETA,249616.8,167745.0,1446222.5898,1366.8102000000001,1864951.2,95.84059420082845,417361.8
85,2015.0,CAQUETA,240719.8,176642.0,1447226.1083999998,363.2916,1864951.2,95.11609373653829,417361.8
86,2016.0,CAQUETA,81713.0,169522.0,1086583.6278,2230.3722000000002,1340049.0,97.04550528671938,256396.0
87,2021.0,CAQUETA,391096.0,99305.0,1588737.4144,55.5856,2079194.0,95.01325143278127,495613.0
88,2018.0,CAQUETA,221533.2857142857,167573.7142857143,1419239.5338,1355.4662,1809702.0,95.41747255540713,389107.0
89,2019.0,CAQUETA,257259.2857142857,167573.7142857143,1471366.5338,1355.4662,1897555.0,95.41747255540713,424833.0
90,2022.0,CAQUETA,353286.2857142857,167573.7142857143,1676040.5338,1355.4662,2198256.0,95.41747255540713,520860.0
91,2011.0,CASANARE,232136.59999999998,147383.0,1671944.9966000002,1448.2034,2052912.8,95.39105783669031,379519.6
92,2012.0,CASANARE,213852.59999999998,165667.0,1670388.5998000002,3004.6002000000003,2052912.8,85.29028670864244,379519.6
93,2013.0,CASANARE,225854.59999999998,153665.0,1672238.8062000002,1154.3938,2052912.8,85.57148823611304,379519.6
94,2014.0,CASANARE,228890.59999999998,150629.0,1672989.2118000002,403.9882,2052912.8,82.37034363584662,379519.6
95,2015.0,CASANARE,220386.59999999998,159133.0,1672304.3178,1088.8822,2052912.8,97.13359661598373,379519.6
96,2016.0,CASANARE,101759.0,166179.0,1577224.4736,63.5264,1845226.0,97.19604849888579,272732.0
97,2017.0,CASANARE,232142.4571428571,147377.14285714287,1673388.237,4.963,2052912.8,91.63971425644995,379519.6
98,2021.0,CASANARE,332351.0,88984.0,1679824.2442,32.7558,2101192.0,98.52517826298774,422667.0
99,2018.0,CASANARE,187817.85714285713,147377.14285714287,1656671.835875,900.1641250000001,1992767.0,91.63971425644995,335195.0
100,2019.0,CASANARE,255594.85714285713,147377.14285714287,1730850.835875,900.1641250000001,2134723.0,91.63971425644995,402972.0
101,2022.0,CASANARE,316654.85714285716,147377.14285714287,1725723.8358749999,900.1641250000001,2190656.0,91.63971425644995,464032.0
102,2011.0,CAUCA,40862.600000000006,26622.0,242355.7608,289.8392,310130.2,96.79319371727749,67484.6
103,2012.0,CAUCA,41654.600000000006,25830.0,241977.58019999997,668.0198,310130.2,86.3619646260323,67484.6
104,2013.0,CAUCA,45551.600000000006,21933.0,242500.68039999998,144.9196,310130.2,87.03916822096114,67484.6
105,2014.0,CAUCA,43481.600000000006,24003.0,242635.67399999997,9.926,310130.2,82.67773491319923,67484.6
106,2015.0,CAUCA,41753.600000000006,25731.0,242435.16879999998,210.43120000000002,310130.2,88.18630475015422,67484.6
107,2016.0,CAUCA,31152.0,20688.0,221780.3182,42.6818,273663.0,90.1673640167364,54096.0
108,2021.0,CAUCA,60804.0,11910.0,255594.0,0.0,328308.0,94.14275551339816,73455.0
109,2018.0,CAUCA,42130.857142857145,22388.14285714286,233420.88319999998,195.1168,298135.0,89.33835510825126,64519.0
110,2019.0,CAUCA,47748.857142857145,22388.14285714286,245264.88319999998,195.1168,315597.0,89.33835510825126,70137.0
111,2022.0,CAUCA,52827.857142857145,22388.14285714286,259536.88319999998,195.1168,334948.0,89.33835510825126,75216.0
112,2011.0,CESAR,158021.8,156675.0,1162528.4326,594.5674,1477819.8,91.79996484443663,314696.8
113,2012.0,CESAR,165046.8,149650.0,1157069.1326,6053.8674,1477819.8,98.08741020397463,314696.8
114,2013.0,CESAR,166957.8,147739.0,1162943.3394,179.66060000000002,1477819.8,81.4020375441477,314696.8
115,2014.0,CESAR,163301.8,151395.0,1162600.8924,522.1076,1477819.8,99.74897216951297,314696.8
116,2015.0,CESAR,170897.8,143799.0,1162496.6694,626.3306,1477819.8,98.8173446948873,314696.8
117,2016.0,CESAR,126212.0,138579.0,1092622.7326,98.26740000000001,1357512.0,99.19614608237534,265914.0
118,2021.0,CESAR,257063.0,73073.0,1198969.1924,25.8076,1529131.0,99.3325539666141,330627.0
119,2018.0,CESAR,180780.14285714287,137272.85714285713,1096470.7702,1157.2298,1415681.0,95.48348992942124,318053.0
120,2019.0,CESAR,170806.14285714287,137272.85714285713,1173685.7702,1157.2298,1482922.0,95.48348992942124,308079.0
121,2022.0,CESAR,213538.14285714287,137272.85714285713,1251884.7702,1157.2298,1603853.0,95.48348992942124,350811.0
122,2011.0,CHOCO,24460.6,10732.0,138814.70239999998,174.6976,174182.0,77.4482211156816,35192.6
123,2012.0,CHOCO,34808.6,384.0,138971.5332,17.8668,174182.0,96.72544080604534,35192.6
124,2013.0,CHOCO,35021.6,171.0,138985.4296,3.9704,174182.0,96.06741573033707,35192.6
125,2014.0,CHOCO,31708.6,3484.0,138989.4,0.0,174182.0,99.08987485779295,35192.6
126,2015.0,CHOCO,25526.6,9666.0,138988.4074,0.9926,174182.0,99.49562532166752,35192.6
127,2016.0,CHOCO,16291.0,12712.0,123185.49452,39.50548,152228.0,99.61601755348327,29052.0
128,2021.0,CHOCO,28877.0,7119.0,133514.49452,39.50548,169550.0,78.28238398944359,37971.0
129,2018.0,CHOCO,32560.0,6324.0,160930.49452,39.50548,199854.0,92.38928276777877,38884.0
130,2019.0,CHOCO,27157.0,6324.0,132890.49452,39.50548,166411.0,92.38928276777877,33481.0
131,2022.0,CHOCO,30251.0,6324.0,146252.49452,39.50548,182867.0,92.38928276777877,36575.0
132,2011.0,CORDOBA,140996.8,245559.0,1732654.4923999999,5485.1076,2124695.4,93.18313771473457,386555.8
133,2012.0,CORDOBA,162149.8,224406.0,1731792.9156,6346.6844,2124695.4,99.61999804671893,386555.8
134,2013.0,CORDOBA,176626.8,209929.0,1737380.261,759.339,2124695.4,99.60571265894856,386555.8
135,2014.0,CORDOBA,175752.8,210803.0,1737776.3083999997,363.2916,2124695.4,99.73080635088849,386555.8
136,2015.0,CORDOBA,166807.8,219748.0,1737396.1426,743.4574,2124695.4,100.0,386555.8
137,2016.0,CORDOBA,121016.0,223141.0,1598105.7814,507.21860000000004,1942770.0,99.2562707672599,345829.0
138,2021.0,CORDOBA,286710.0,102744.0,1722399.0498,274.9502,2112128.0,98.80180786614098,390700.0
139,2018.0,CORDOBA,159870.0,205190.0,1773183.4216,2068.5784,2140312.0,98.5996762006702,365060.0
140,2019.0,CORDOBA,196472.0,205190.0,1730950.4216,2068.5784,2134681.0,98.5996762006702,401662.0
141,2022.0,CORDOBA,224338.0,205190.0,1861989.4216,2068.5784,2293586.0,98.5996762006702,429528.0
142,2011.0,CUNDINAMARCA,189109.2,98219.0,1115430.5392000002,4176.8608,1406935.6,88.25263044396323,287328.2
143,2012.0,CUNDINAMARCA,177792.2,109536.0,1113606.1404000001,6001.2596,1406935.6,98.08286397378153,287328.2
144,2013.0,CUNDINAMARCA,175731.2,111597.0,1115392.8204,4214.5796,1406935.6,97.48846879586274,287328.2
145,2014.0,CUNDINAMARCA,179173.2,108155.0,1116922.4170000001,2684.983,1406935.6,97.39131217807873,287328.2
146,2015.0,CUNDINAMARCA,175050.2,112278.0,1117727.4156000002,1879.9844,1406935.6,98.05510676389677,287328.2
147,2016.0,CUNDINAMARCA,186197.0,88119.0,980632.8252,1586.1748,1256535.0,97.38304949882304,276684.0
148,2018.0,CUNDINAMARCA,182676.14285714284,98779.85714285714,1140993.0222000002,2.9778000000000002,1422452.0,96.35235290211922,281456.0
149,2020.0,CUNDINAMARCA,188548.34285714285,98779.85714285714,1119581.5924000002,25.8076,1406935.6,96.35235290211922,287328.2
150,2021.0,CUNDINAMARCA,221047.0,63555.0,1156935.9076,1463.0924,1443001.0,97.81303866042846,286023.0
151,2019.0,CUNDINAMARCA,196115.14285714284,98779.85714285714,1152164.586666667,2448.4133333333334,1449508.0,96.35235290211922,294895.0
152,2022.0,CUNDINAMARCA,198803.14285714284,98779.85714285714,1163150.586666667,2448.4133333333334,1463182.0,96.35235290211922,297583.0
153,2011.0,GUAINIA,688.5999999999999,290.8,4176.599999999999,0.0,5156.0,89.95487654661551,979.4
154,2012.0,GUAINIA,688.5999999999999,290.8,4176.599999999999,0.0,5156.0,89.95487654661551,979.4
155,2014.0,GUAINIA,703.4,276.0,4172.6296,3.9704,5156.0,96.84210526315789,979.4
156,2015.0,GUAINIA,628.4,351.0,4176.6,0.0,5156.0,91.64490861618799,979.4
157,2013.0,GUAINIA,685.4,294.0,4175.607400000001,0.9926,5156.0,65.47884187082406,979.4
158,2016.0,GUAINIA,474.0,372.0,3856.0074,0.9926,4703.0,97.63779527559055,855.0
159,2021.0,GUAINIA,1040.0,161.0,4746.0074,0.9926,5948.0,98.17073170731707,1204.0
160,2018.0,GUAINIA,322.2,290.8,3933.0074,0.9926,4547.0,89.95487654661551,613.0
161,2019.0,GUAINIA,760.2,290.8,4659.0074,0.9926,5711.0,89.95487654661551,1051.0
162,2022.0,GUAINIA,883.2,290.8,3696.0074,0.9926,4871.0,89.95487654661551,1174.0
163,2011.0,GUAJIRA,35514.600000000006,33324.0,220901.50959999996,202.4904,289942.6,96.19259302023497,68838.6
164,2012.0,GUAJIRA,32026.600000000006,36812.0,220939.22839999996,164.7716,289942.6,98.62822848569286,68838.6
165,2013.0,GUAJIRA,34990.600000000006,33848.0,221072.23679999998,31.7632,289942.6,95.71315462051804,68838.6
166,2014.0,GUAJIRA,40514.600000000006,28324.0,221086.13319999998,17.8668,289942.6,97.790360447452,68838.6
167,2015.0,GUAJIRA,45034.600000000006,23804.0,221095.06659999996,8.9334,289942.6,97.47747747747748,68838.6
168,2016.0,GUAJIRA,35683.0,21261.0,228332.1628,21.8372,285298.0,97.4828060522696,57493.0
169,2021.0,GUAJIRA,53411.0,15634.0,219587.38956666668,74.61043333333333,288707.0,99.4276265581277,69135.0
170,2018.0,GUAJIRA,43715.57142857143,27572.428571428572,215599.38956666668,74.61043333333333,286962.0,97.5303209516818,71288.0
171,2019.0,GUAJIRA,50223.57142857143,27572.428571428572,224612.38956666668,74.61043333333333,302483.0,97.5303209516818,77796.0
172,2022.0,GUAJIRA,40908.57142857143,27572.428571428572,217707.38956666668,74.61043333333333,286263.0,97.5303209516818,68481.0
173,2011.0,GUAVIARE,61957.600000000006,34302.0,338917.66640000005,35.7336,435213.0,95.17229898451806,96259.6
174,2012.0,GUAVIARE,62677.600000000006,33582.0,338379.67720000003,573.7228,435213.0,88.79428873611846,96259.6
175,2013.0,GUAVIARE,67989.6,28270.0,338792.59880000004,160.8012,435213.0,75.93134753296984,96259.6
176,2014.0,GUAVIARE,70415.6,25844.0,338652.6422,300.75780000000003,435213.0,70.09302704022132,96259.6
177,2015.0,GUAVIARE,67900.6,28359.0,338671.5016,281.89840000000004,435213.0,95.78154552823561,96259.6
178,2016.0,GUAVIARE,23848.0,29605.0,227927.7168,230.28320000000002,281611.0,95.1286912374281,54969.0
179,2021.0,GUAVIARE,90710.0,24872.0,394202.1338333333,263.8661666666667,510048.0,99.52781112444978,115700.0
180,2018.0,GUAVIARE,53089.0,29262.0,323627.1338333333,263.8661666666667,406242.0,88.63271574056303,82351.0
181,2019.0,GUAVIARE,66594.0,29262.0,347513.1338333333,263.8661666666667,443633.0,88.63271574056303,95856.0
182,2022.0,GUAVIARE,103160.0,29262.0,401845.1338333333,263.8661666666667,534531.0,88.63271574056303,132422.0
183,2011.0,HUILA,44744.399999999994,54078.0,334607.62659999996,405.9734,433836.0,92.11664906483153,98822.4
184,2012.0,HUILA,48060.399999999994,50762.0,334279.076,734.524,433836.0,73.7487469308887,98822.4
185,2013.0,HUILA,54857.399999999994,43965.0,334671.153,342.447,433836.0,70.85871772555846,98822.4
186,2014.0,HUILA,52188.399999999994,46634.0,334480.57379999995,533.0262,433836.0,94.85588755771617,98822.4
187,2015.0,HUILA,53662.399999999994,45160.0,334810.11699999997,203.483,433836.0,94.88590998865403,98822.4
188,2016.0,HUILA,51052.0,33490.0,330670.2516,33.748400000000004,415246.0,94.23450294043164,86591.0
189,2021.0,HUILA,85462.0,21423.0,344086.46633333334,375.5336666666667,451347.0,96.84462727724787,107583.0
190,2018.0,HUILA,52249.0,42216.0,316879.46633333334,375.5336666666667,411720.0,88.22072021218978,94465.0
191,2019.0,HUILA,56649.0,42216.0,333346.46633333334,375.5336666666667,432587.0,88.22072021218978,98865.0
192,2022.0,HUILA,64392.0,42216.0,351296.46633333334,375.5336666666667,458280.0,88.22072021218978,106608.0
193,2011.0,MAGDALENA,154225.8,159480.0,1084872.9541999998,181.6458,1398760.4,90.43892480435522,313705.8
194,2012.0,MAGDALENA,160179.8,153526.0,1080933.3247999998,4121.2752,1398760.4,99.4906423350096,313705.8
195,2013.0,MAGDALENA,164192.8,149513.0,1084623.8116,430.7884,1398760.4,97.94625543734605,313705.8
196,2014.0,MAGDALENA,162378.8,151327.0,1085010.9256,43.6744,1398760.4,99.79622253290775,313705.8
197,2015.0,MAGDALENA,172906.8,140799.0,1084986.1105999998,68.4894,1398760.4,99.35082804705085,313705.8
198,2016.0,MAGDALENA,107826.0,138174.0,961729.259,34.741,1207764.0,99.4107616930349,246819.0
199,2021.0,MAGDALENA,250147.0,90063.0,1133009.0,0.0,1473219.0,98.43273549952457,341644.0
200,2018.0,MAGDALENA,149265.2857142857,140411.7142857143,1069297.7694,697.2306,1359672.0,97.83805290703272,289677.0
201,2019.0,MAGDALENA,161654.2857142857,140411.7142857143,1039351.7694,697.2306,1342115.0,97.83805290703272,302066.0
202,2022.0,MAGDALENA,247911.2857142857,140411.7142857143,1222011.7694,697.2306,1611032.0,97.83805290703272,388323.0
203,2011.0,META,224582.8,171241.0,1623897.2118,2389.1882,2022110.2,95.50902712320057,395823.8
204,2012.0,META,217421.8,178402.0,1624016.3238,2270.0762,2022110.2,90.66570445547825,395823.8
205,2013.0,META,233022.8,162801.0,1625787.1221999999,499.2778,2022110.2,88.13345531910286,395823.8
206,2014.0,META,252146.8,143677.0,1626113.6875999998,172.7124,2022110.2,85.24194313920927,395823.8
207,2015.0,META,312217.8,83606.0,1625735.507,550.893,2022110.2,94.76667082280132,395823.8
208,2016.0,META,112201.0,149382.0,1398355.554,208.446,1660147.0,95.16898671678399,269166.0
209,2017.0,META,255178.51428571428,140645.2857142857,1626261.585,24.815,2022110.2,92.59616703860819,395823.8
210,2018.0,META,223288.7142857143,140645.2857142857,1584617.0148,1.9852,1948553.0,92.59616703860819,363934.0
211,2021.0,META,357167.0,95408.0,1714101.9916,133.0084,2166810.0,98.68738169368102,453844.0
212,2019.0,META,261444.7142857143,140645.2857142857,1643199.5108666667,694.4891333333334,2045984.0,92.59616703860819,402090.0
213,2022.0,META,349439.7142857143,140645.2857142857,1798277.5108666667,694.4891333333334,2289057.0,92.59616703860819,490085.0
214,2011.0,NARINO,49119.399999999994,39832.0,317323.54980000004,1763.8502,408038.8,98.96149068322981,88951.4
215,2012.0,NARINO,46735.399999999994,42216.0,317475.41760000004,1611.9824,408038.8,95.19686104721958,88951.4
216,2013.0,NARINO,45564.399999999994,43387.0,317808.93120000005,1278.4688,408038.8,96.10588104995016,88951.4
217,2014.0,NARINO,45381.399999999994,43570.0,317777.168,1310.232,408038.8,96.20437633862527,88951.4
218,2015.0,NARINO,40962.399999999994,47989.0,318303.24600000004,784.154,408038.8,96.4719363139273,88951.4
219,2016.0,NARINO,47239.0,34694.0,302481.0276,271.9724,384686.0,98.34457735699303,82517.0
220,2020.0,NARINO,50117.54285714285,38833.857142857145,319054.6442,32.7558,408038.8,97.17353769657367,88951.4
221,2021.0,NARINO,70311.0,20149.0,331544.2974,844.7026000000001,422849.0,98.9296410860706,90678.0
222,2018.0,NARINO,46227.142857142855,38833.857142857145,308825.735225,987.2647750000001,394874.0,97.17353769657367,85061.0
223,2019.0,NARINO,52139.142857142855,38833.857142857145,315182.735225,987.2647750000001,407143.0,97.17353769657367,90973.0
224,2022.0,NARINO,56694.142857142855,38833.857142857145,334126.735225,987.2647750000001,430642.0,97.17353769657367,95528.0
225,2011.0,NORTE DE SANTANDER,53740.399999999994,40006.0,364007.8284,164.7716,457919.0,99.26308215269334,93746.4
226,2012.0,NORTE DE SANTANDER,56985.399999999994,36761.0,363604.8328,567.7672,457919.0,93.21922150374033,93746.4
227,2013.0,NORTE DE SANTANDER,56535.399999999994,37211.0,364010.8062,161.7938,457919.0,92.92992358024075,93746.4
228,2014.0,NORTE DE SANTANDER,52711.399999999994,41035.0,364072.34739999997,100.2526,457919.0,94.87422546934246,93746.4
229,2015.0,NORTE DE SANTANDER,53332.399999999994,40414.0,364130.91079999995,41.6892,457919.0,96.05913671800722,93746.4
230,2016.0,NORTE DE SANTANDER,41980.0,38528.0,309103.6142,82.3858,389694.0,97.13349300390773,81645.0
231,2021.0,NORTE DE SANTANDER,80152.0,17618.0,376716.0296,3.9704,474490.0,96.97269925143108,98320.0
232,2018.0,NORTE DE SANTANDER,52620.0,35939.0,379062.6242,160.3758,467782.0,95.77882595419472,88559.0
233,2019.0,NORTE DE SANTANDER,61273.0,35939.0,384860.6242,160.3758,482233.0,95.77882595419472,97212.0
234,2022.0,NORTE DE SANTANDER,67057.0,35939.0,372239.6242,160.3758,475396.0,95.77882595419472,102996.0
235,2011.0,PUTUMAYO,38853.4,18503.0,216021.0134,189.5866,273567.0,96.98097384558939,57356.4
236,2012.0,PUTUMAYO,38859.4,18497.0,216076.59900000002,134.001,273567.0,87.55561866893875,57356.4
237,2013.0,PUTUMAYO,40169.4,17187.0,216124.2438,86.3562,273567.0,95.99530831099196,57356.4
238,2014.0,PUTUMAYO,40963.4,16393.0,216087.5176,123.0824,273567.0,97.5135328059009,57356.4
239,2015.0,PUTUMAYO,38718.4,18638.0,216004.1392,206.4608,273567.0,94.64276646524145,57356.4
240,2016.0,PUTUMAYO,23030.0,14714.0,159831.2664,35.7336,197611.0,98.26365700547616,38004.0
241,2021.0,PUTUMAYO,51497.0,11668.0,238900.79656666666,129.20343333333332,302195.0,98.23202559353426,63375.0
242,2018.0,PUTUMAYO,38416.71428571429,16514.285714285714,200851.79656666666,129.20343333333332,255912.0,95.59769752795327,54931.0
243,2019.0,PUTUMAYO,47762.71428571429,16514.285714285714,242511.79656666666,129.20343333333332,306918.0,95.59769752795327,64277.0
244,2022.0,PUTUMAYO,49680.71428571429,16514.285714285714,238874.79656666666,129.20343333333332,305199.0,95.59769752795327,66195.0
245,2011.0,QUINDIO,7602.799999999999,8367.0,67874.51419999999,578.6858,84423.0,89.83251019969937,15969.8
246,2012.0,QUINDIO,8343.8,7626.0,67776.2468,676.9532,84423.0,98.61631966895125,15969.8
247,2013.0,QUINDIO,9412.8,6557.0,68236.8132,216.38680000000002,84423.0,89.51535836177474,15969.8
248,2014.0,QUINDIO,8060.799999999999,7909.0,68278.5024,174.6976,84423.0,96.1580547112462,15969.8
249,2015.0,QUINDIO,7305.799999999999,8664.0,68310.2656,142.9344,84423.0,98.83641341546885,15969.8
250,2016.0,QUINDIO,6389.0,7901.0,67470.2072,27.7928,81788.0,98.7625,14389.0
251,2021.0,QUINDIO,13400.0,3786.0,71178.0666,8.9334,88373.0,99.52681388012618,17204.0
252,2018.0,QUINDIO,8317.428571428572,7258.571428571428,67588.08799999999,260.912,83425.0,95.89256717675237,15576.0
253,2019.0,QUINDIO,9264.428571428572,7258.571428571428,66437.08799999999,260.912,83221.0,95.89256717675237,16523.0
254,2022.0,QUINDIO,8898.428571428572,7258.571428571428,68890.08799999999,260.912,85308.0,95.89256717675237,16157.0
255,2011.0,RISARALDA,8070.799999999999,10838.0,89076.72919999999,553.8708,108539.4,95.96245794227023,18908.8
256,2012.0,RISARALDA,9334.8,9574.0,88685.6448,944.9552,108539.4,98.86410574142916,18908.8
257,2013.0,RISARALDA,10313.8,8595.0,89165.07059999999,465.5294,108539.4,93.5968637700098,18908.8
258,2014.0,RISARALDA,9106.8,9802.0,89356.6424,273.9576,108539.4,99.25070878898339,18908.8
259,2015.0,RISARALDA,9095.8,9813.0,89405.27979999999,225.3202,108539.4,98.73226682764866,18908.8
260,2016.0,RISARALDA,7921.0,8622.0,92485.6586,88.34140000000001,109117.0,99.297477830243,16604.0
261,2021.0,RISARALDA,15579.0,4659.0,87789.37,49.63,108077.0,99.10657306955967,20280.0
262,2018.0,RISARALDA,10684.714285714286,8843.285714285714,89434.3422,371.6578,109334.0,97.83006485287771,19528.0
263,2019.0,RISARALDA,10314.714285714286,8843.285714285714,88917.3422,371.6578,108447.0,97.83006485287771,19158.0
264,2022.0,RISARALDA,10130.714285714286,8843.285714285714,88376.3422,371.6578,107722.0,97.83006485287771,18974.0
272,2011.0,SANTANDER,163080.0,144566.0,1283858.804,1449.1960000000001,1592954.0,89.51067136408948,307646.0
273,2012.0,SANTANDER,179239.0,128407.0,1280413.4894,4894.5106000000005,1592954.0,90.4931041530124,307646.0
274,2013.0,SANTANDER,185820.0,121826.0,1284489.105,818.895,1592954.0,89.533174589176,307646.0
275,2014.0,SANTANDER,182223.0,125423.0,1284611.1948,696.8052,1592954.0,91.50889020217275,307646.0
276,2015.0,SANTANDER,165917.0,141729.0,1284913.9378,394.0622,1592954.0,94.30493452571064,307646.0
277,2016.0,SANTANDER,120275.0,119767.0,1172041.7094,229.2906,1412313.0,90.83304260773279,252129.0
278,2020.0,SANTANDER,186843.57142857142,120802.42857142857,1285305.0222,2.9778000000000002,1592954.0,92.21736507012345,307646.0
279,2021.0,SANTANDER,263156.0,63899.0,1330676.1026,147.8974,1657879.0,99.33773804897007,327481.0
280,2018.0,SANTANDER,176540.57142857142,120802.42857142857,1297109.79565,1079.20435,1595532.0,92.21736507012345,297343.0
281,2019.0,SANTANDER,194021.57142857142,120802.42857142857,1301494.79565,1079.20435,1617398.0,92.21736507012345,314824.0
282,2022.0,SANTANDER,225650.57142857142,120802.42857142857,1334115.79565,1079.20435,1681648.0,92.21736507012345,346453.0
283,2011.0,SUCRE,118493.6,113728.0,834613.0341999999,1372.7658000000001,1068207.4,92.05390748310332,232221.6
284,2012.0,SUCRE,126350.6,105871.0,832053.1187999999,3932.6812,1068207.4,99.96978366996214,232221.6
285,2013.0,SUCRE,130653.6,101568.0,835839.8877999999,145.9122,1068207.4,99.44193150443517,232221.6
286,2014.0,SUCRE,124329.6,107892.0,835939.1477999999,46.6522,1068207.4,99.45613097103667,232221.6
287,2015.0,SUCRE,116424.6,115797.0,835867.6806,118.1194,1068207.4,99.5597933092022,232221.6
288,2016.0,SUCRE,58924.0,124334.0,678660.666,89.334,862008.0,99.54046177986999,183832.0
289,2021.0,SUCRE,188802.0,55318.0,859043.0,0.0,1103163.0,98.96239579233604,244700.0
290,2018.0,SUCRE,117134.85714285714,103501.14285714286,854875.9336,815.0663999999999,1076327.0,98.42634350142079,220636.0
291,2019.0,SUCRE,134797.85714285716,103501.14285714286,864560.9336,815.0663999999999,1103675.0,98.42634350142079,238299.0
292,2022.0,SUCRE,170139.85714285716,103501.14285714286,921407.9336,815.0663999999999,1195864.0,98.42634350142079,273641.0
293,2011.0,TOLIMA,81956.0,67467.0,561740.7358,662.0642,711825.8,87.84651241520292,149423.0
294,2012.0,TOLIMA,86038.0,63385.0,560778.9064000001,1623.8936,711825.8,90.22005237986791,149423.0
295,2013.0,TOLIMA,90896.0,58527.0,561842.9736,559.8264,711825.8,93.36087670883249,149423.0
296,2014.0,TOLIMA,88188.0,61235.0,562162.5908,240.2092,711825.8,98.4438049611755,149423.0
297,2015.0,TOLIMA,90586.0,58837.0,562013.7008,389.0992,711825.8,98.58746648793566,149423.0
298,2016.0,TOLIMA,26060.0,51622.0,469896.5106,68.4894,547647.0,98.87946060873062,78267.0
299,2017.0,TOLIMA,92512.57142857142,56910.42857142857,562402.8000000002,0.0,711825.8,95.02929187625817,149423.0
300,2021.0,TOLIMA,141079.0,37300.0,612032.8648,250.1352,790662.0,97.86686957206203,179192.0
301,2018.0,TOLIMA,88350.57142857142,56910.42857142857,539538.7853500001,474.21465,685274.0,95.02929187625817,145261.0
302,2019.0,TOLIMA,100298.57142857142,56910.42857142857,575960.7853500001,474.21465,733644.0,95.02929187625817,157209.0
303,2022.0,TOLIMA,130275.57142857142,56910.42857142857,614241.7853500001,474.21465,801902.0,95.02929187625817,187186.0
304,2011.0,VALLE DEL CAUCA,40540.2,52715.0,412931.3318,1198.0682,507384.6,96.90257352941177,93255.2
305,2012.0,VALLE DEL CAUCA,46400.2,46855.0,412818.17539999995,1311.2246,507384.6,100.0,93255.2
306,2013.0,VALLE DEL CAUCA,49646.2,43609.0,413204.29679999995,925.1032,507384.6,100.0,93255.2
307,2014.0,VALLE DEL CAUCA,49739.2,43516.0,413746.25639999995,383.1436,507384.6,100.0,93255.2
308,2015.0,VALLE DEL CAUCA,49219.2,44036.0,413868.34619999997,261.0538,507384.6,100.0,93255.2
309,2016.0,VALLE DEL CAUCA,34357.0,38454.0,386467.368,317.632,459596.0,98.36543626736244,73450.0
310,2021.0,VALLE DEL CAUCA,81241.0,20593.0,408981.4292,57.570800000000006,510873.0,97.94064491581851,102267.0
311,2018.0,VALLE DEL CAUCA,52756.142857142855,41396.857142857145,428516.7434,636.2565999999999,523306.0,99.02980781608468,94153.0
312,2019.0,VALLE DEL CAUCA,57223.142857142855,41396.857142857145,438844.7434,636.2565999999999,538101.0,99.02980781608468,98620.0
313,2022.0,VALLE DEL CAUCA,56389.142857142855,41396.857142857145,406624.7434,636.2565999999999,505047.0,99.02980781608468,97786.0
314,2011.0,VAUPES,203.35000000000002,57.25,976.4000000000001,0.0,1237.0,93.0693413729128,260.6
315,2012.0,VAUPES,203.35000000000002,57.25,976.4000000000001,0.0,1237.0,93.0693413729128,260.6
316,2014.0,VAUPES,230.60000000000002,30.0,965.4814,10.9186,1237.0,100.0,260.6
317,2015.0,VAUPES,192.60000000000002,68.0,976.4000000000001,0.0,1237.0,80.0,260.6
318,2016.0,VAUPES,156.0,83.0,869.851,114.149,1223.0,94.31818181818181,244.0
319,2021.0,VAUPES,247.0,48.0,957.98648,25.01352,1278.0,97.95918367346938,296.0
320,2018.0,VAUPES,171.75,57.25,904.98648,25.01352,1159.0,93.0693413729128,229.0
321,2019.0,VAUPES,216.75,57.25,905.98648,25.01352,1205.0,93.0693413729128,274.0
322,2022.0,VAUPES,202.75,57.25,1034.98648,25.01352,1320.0,93.0693413729128,260.0
323,2011.0,VICHADA,34348.2,15686.0,203924.80700000003,54.593,254013.6,97.69556552067763,50034.2
324,2012.0,VICHADA,31192.199999999997,18842.0,203775.91700000002,203.483,254013.6,85.44737200126978,50034.2
325,2013.0,VICHADA,29447.199999999997,20587.0,203957.5628,21.8372,254013.6,91.54253190448664,50034.2
326,2014.0,VICHADA,28623.199999999997,21411.0,203939.69600000003,39.704,254013.6,93.53457690795508,50034.2
327,2015.0,VICHADA,27509.199999999997,22525.0,203915.87360000002,63.5264,254013.6,93.6473620754168,50034.2
328,2016.0,VICHADA,18736.0,21727.0,202155.111,14.889000000000001,242633.0,96.83990016045641,41172.0
329,2021.0,VICHADA,40717.0,10275.0,205895.66123333335,66.33876666666667,256954.0,98.62737569591093,51135.0
330,2018.0,VICHADA,27866.14285714286,18721.85714285714,208165.66123333335,66.33876666666667,254820.0,93.90495489516762,46588.0
331,2019.0,VICHADA,34955.142857142855,18721.85714285714,208567.66123333338,66.33876666666667,262311.0,93.90495489516762,53677.0
332,2022.0,VICHADA,38877.142857142855,18721.85714285714,195684.66123333338,66.33876666666667,253350.0,93.90495489516762,57599.0
